{
    "mean_optimizer_time_ms": 7.2908752291144525,
    "test_final": [
        {
            "test_acc": 0.9598000049591064
        }
    ],
    "test_best": [
        {
            "test_acc": 0.958299994468689
        }
    ]
}