{
    "mean_optimizer_time_ms": 7.095190576545533,
    "test_final": [
        {
            "test_acc": 0.8335000276565552
        }
    ],
    "test_best": [
        {
            "test_acc": 0.8364999890327454
        }
    ]
}