{
    "mean_optimizer_time_ms": 6.922067562482596,
    "test_final": [
        {
            "test_acc": 0.9520000219345093
        }
    ],
    "test_best": [
        {
            "test_acc": 0.9517999887466431
        }
    ]
}