epoch,lr-FloraAdamDecreasingRanks/pg1,lr-FloraAdamDecreasingRanks/pg2,mean_optimizer_step_time_ms,step,train_acc,train_loss,val_acc,val_loss
,0.001,0.001,,49,,,,
0,,,,49,0.736328125,-0.5936377048492432,,
,0.001,0.001,,99,,,,
0,,,,99,0.85546875,-0.7606887817382812,,
0,,,,107,,,0.8848000168800354,-0.7929349541664124
0,,,572.9635620117188,107,,,,
,0.001,0.001,,149,,,,
1,,,,149,0.880859375,-0.8263495564460754,,
,0.001,0.001,,199,,,,
