{
    "mean_optimizer_time_ms": 7.739794424150655,
    "test_final": [
        {
            "test_acc": 0.8913000226020813
        }
    ],
    "test_best": [
        {
            "test_acc": 0.8992999792098999
        }
    ]
}