{
    "mean_optimizer_time_ms": 7.726595192669174,
    "test_final": [
        {
            "test_acc": 0.9243000149726868
        }
    ],
    "test_best": [
        {
            "test_acc": 0.927899956703186
        }
    ]
}