{
    "mean_optimizer_time_ms": 7.455074782407405,
    "test_final": [
        {
            "test_acc": 0.9276000261306763
        }
    ],
    "test_best": [
        {
            "test_acc": 0.9243999719619751
        }
    ]
}