{
    "mean_optimizer_time_ms": 7.458224595829854,
    "test_final": [
        {
            "test_acc": 0.9375
        }
    ],
    "test_best": [
        {
            "test_acc": 0.9361000061035156
        }
    ]
}