{
    "mean_optimizer_time_ms": 7.630273343497633,
    "test_final": [
        {
            "test_acc": 0.7512999773025513
        }
    ],
    "test_best": [
        {
            "test_acc": 0.7515999674797058
        }
    ]
}