{
    "mean_optimizer_time_ms": 7.487076837440825,
    "test_final": [
        {
            "test_acc": 0.9283999800682068
        }
    ],
    "test_best": [
        {
            "test_acc": 0.9280999898910522
        }
    ]
}