{
    "mean_optimizer_time_ms": 7.175634958646616,
    "test_final": [
        {
            "test_acc": 0.8465999960899353
        }
    ],
    "test_best": [
        {
            "test_acc": 0.8445999622344971
        }
    ]
}