{
    "mean_optimizer_time_ms": 7.4742801529866325,
    "test_final": [
        {
            "test_acc": 0.9448999762535095
        }
    ],
    "test_best": [
        {
            "test_acc": 0.944599986076355
        }
    ]
}