{
    "mean_optimizer_time_ms": 7.8930902638192695,
    "test_final": [
        {
            "test_acc": 0.816100001335144
        }
    ],
    "test_best": [
        {
            "test_acc": 0.8180999755859375
        }
    ]
}