{
    "mean_optimizer_time_ms": 7.856235592418548,
    "test_final": [
        {
            "test_acc": 0.9348999857902527
        }
    ],
    "test_best": [
        {
            "test_acc": 0.9361000061035156
        }
    ]
}