{
    "mean_optimizer_time_ms": 5.674202055068227,
    "test_final": [
        {
            "test_acc": 0.9706000089645386
        }
    ],
    "test_best": [
        {
            "test_acc": 0.9698999524116516
        }
    ]
}