{
    "mean_optimizer_time_ms": 7.069953054267614,
    "test_final": [
        {
            "test_acc": 0.9516000151634216
        }
    ],
    "test_best": [
        {
            "test_acc": 0.9512999653816223
        }
    ]
}