{
    "mean_optimizer_time_ms": 7.496323372493737,
    "test_final": [
        {
            "test_acc": 0.9401000142097473
        }
    ],
    "test_best": [
        {
            "test_acc": 0.9405999779701233
        }
    ]
}