{
    "mean_optimizer_time_ms": 8.047768417432472,
    "test_final": [
        {
            "test_acc": 0.9144999980926514
        }
    ],
    "test_best": [
        {
            "test_acc": 0.915399968624115
        }
    ]
}