{
    "mean_optimizer_time_ms": 7.3202341776663875,
    "test_final": [
        {
            "test_acc": 0.8942999839782715
        }
    ],
    "test_best": [
        {
            "test_acc": 0.8962999582290649
        }
    ]
}