{
    "mean_optimizer_time_ms": 6.506938701406293,
    "test_final": [
        {
            "test_acc": 0.9581000208854675
        }
    ],
    "test_best": [
        {
            "test_acc": 0.9583999514579773
        }
    ]
}