{
    "mean_optimizer_time_ms": 7.551432296644389,
    "test_final": [
        {
            "test_acc": 0.8378999829292297
        }
    ],
    "test_best": [
        {
            "test_acc": 0.8391000032424927
        }
    ]
}