{
    "mean_optimizer_time_ms": 7.8135761843845755,
    "test_final": [
        {
            "test_acc": 0.9386000037193298
        }
    ],
    "test_best": [
        {
            "test_acc": 0.9376999735832214
        }
    ]
}