{
    "mean_optimizer_time_ms": 5.618168877610692,
    "test_final": [
        {
            "test_acc": 0.9688000082969666
        }
    ],
    "test_best": [
        {
            "test_acc": 0.9684000015258789
        }
    ]
}