{
    "mean_optimizer_time_ms": 6.456048600912002,
    "test_final": [
        {
            "test_acc": 0.847000002861023
        }
    ],
    "test_best": [
        {
            "test_acc": 0.8465999960899353
        }
    ]
}