{
    "mean_optimizer_time_ms": 7.676367331384015,
    "test_final": [
        {
            "test_acc": 0.7520999908447266
        }
    ],
    "test_best": [
        {
            "test_acc": 0.7522000074386597
        }
    ]
}