{
    "mean_optimizer_time_ms": 6.0659575737956,
    "test_final": [
        {
            "test_acc": 0.9754999876022339
        }
    ],
    "test_best": [
        {
            "test_acc": 0.9745000004768372
        }
    ]
}