{
    "mean_optimizer_time_ms": 7.188060821289335,
    "test_final": [
        {
            "test_acc": 0.8371999859809875
        }
    ],
    "test_best": [
        {
            "test_acc": 0.8343999981880188
        }
    ]
}