{
    "mean_optimizer_time_ms": 6.066340711431354,
    "test_final": [
        {
            "test_acc": 0.9560999870300293
        }
    ],
    "test_best": [
        {
            "test_acc": 0.9562000036239624
        }
    ]
}