{
    "mean_optimizer_time_ms": 8.319537102304372,
    "test_final": [
        {
            "test_acc": 0.9114999771118164
        }
    ],
    "test_best": [
        {
            "test_acc": 0.9116999506950378
        }
    ]
}