{
    "mean_optimizer_time_ms": 7.68623520753272,
    "test_final": [
        {
            "test_acc": 0.8076000213623047
        }
    ],
    "test_best": [
        {
            "test_acc": 0.8158999681472778
        }
    ]
}