{
    "mean_optimizer_time_ms": 7.162284243873574,
    "test_final": [
        {
            "test_acc": 0.9398000240325928
        }
    ],
    "test_best": [
        {
            "test_acc": 0.9348999857902527
        }
    ]
}