{
    "mean_optimizer_time_ms": 8.049962794486216,
    "test_final": [
        {
            "test_acc": 0.7631999850273132
        }
    ],
    "test_best": [
        {
            "test_acc": 0.7626000046730042
        }
    ]
}