{
    "mean_optimizer_time_ms": 6.889256819061543,
    "test_final": [
        {
            "test_acc": 0.942799985408783
        }
    ],
    "test_best": [
        {
            "test_acc": 0.9435999989509583
        }
    ]
}