{
    "mean_optimizer_time_ms": 7.388190658173211,
    "test_final": [
        {
            "test_acc": 0.9351999759674072
        }
    ],
    "test_best": [
        {
            "test_acc": 0.9355999827384949
        }
    ]
}