{
    "mean_optimizer_time_ms": 6.055140743455862,
    "test_final": [
        {
            "test_acc": 0.9714999794960022
        }
    ],
    "test_best": [
        {
            "test_acc": 0.9727999567985535
        }
    ]
}