{
    "mean_optimizer_time_ms": 7.97429599481342,
    "test_final": [
        {
            "test_acc": 0.8831999897956848
        }
    ],
    "test_best": [
        {
            "test_acc": 0.8941999673843384
        }
    ]
}