{
    "mean_optimizer_time_ms": 5.797399030005572,
    "test_final": [
        {
            "test_acc": 0.9563000202178955
        }
    ],
    "test_best": [
        {
            "test_acc": 0.9558999538421631
        }
    ]
}