{
    "mean_optimizer_time_ms": 7.487925733221944,
    "test_final": [
        {
            "test_acc": 0.9318000078201294
        }
    ],
    "test_best": [
        {
            "test_acc": 0.9317999482154846
        }
    ]
}