{
    "mean_optimizer_time_ms": 6.036518412942079,
    "test_final": [
        {
            "test_acc": 0.958299994468689
        }
    ],
    "test_best": [
        {
            "test_acc": 0.9572999477386475
        }
    ]
}