{
    "mean_optimizer_time_ms": 7.71329516833751,
    "test_final": [
        {
            "test_acc": 0.9283999800682068
        }
    ],
    "test_best": [
        {
            "test_acc": 0.927299976348877
        }
    ]
}