{
    "mean_optimizer_time_ms": 6.122064945384294,
    "test_final": [
        {
            "test_acc": 0.8539999723434448
        }
    ],
    "test_best": [
        {
            "test_acc": 0.854200005531311
        }
    ]
}