{
    "mean_optimizer_time_ms": 7.755180764550265,
    "test_final": [
        {
            "test_acc": 0.9057000279426575
        }
    ],
    "test_best": [
        {
            "test_acc": 0.901199996471405
        }
    ]
}