{
    "mean_optimizer_time_ms": 5.971491319270398,
    "test_final": [
        {
            "test_acc": 0.9585000276565552
        }
    ],
    "test_best": [
        {
            "test_acc": 0.9576999545097351
        }
    ]
}