{
    "mean_optimizer_time_ms": 7.832366205165692,
    "test_final": [
        {
            "test_acc": 0.9399999976158142
        }
    ],
    "test_best": [
        {
            "test_acc": 0.9386000037193298
        }
    ]
}