{
    "mean_optimizer_time_ms": 7.369093718184352,
    "test_final": [
        {
            "test_acc": 0.9409999847412109
        }
    ],
    "test_best": [
        {
            "test_acc": 0.9350000023841858
        }
    ]
}