{
    "mean_optimizer_time_ms": 5.7577092764202185,
    "test_final": [
        {
            "test_acc": 0.7687000036239624
        }
    ],
    "test_best": [
        {
            "test_acc": 0.7680999636650085
        }
    ]
}