{
    "mean_optimizer_time_ms": 7.368798711257313,
    "test_final": [
        {
            "test_acc": 0.9395999908447266
        }
    ],
    "test_best": [
        {
            "test_acc": 0.9377999901771545
        }
    ]
}