{
    "mean_optimizer_time_ms": 6.730685580966305,
    "test_final": [
        {
            "test_acc": 0.9433000087738037
        }
    ],
    "test_best": [
        {
            "test_acc": 0.9420999884605408
        }
    ]
}