{
    "mean_optimizer_time_ms": 5.371740476851853,
    "test_final": [
        {
            "test_acc": 0.9763000011444092
        }
    ],
    "test_best": [
        {
            "test_acc": 0.97489994764328
        }
    ]
}