{
    "mean_optimizer_time_ms": 10.525360148531048,
    "test_final": [
        {
            "test_acc": 0.8568000197410583
        }
    ],
    "test_best": [
        {
            "test_acc": 0.8562999963760376
        }
    ]
}