{
    "mean_optimizer_time_ms": 7.387991524784184,
    "test_final": [
        {
            "test_acc": 0.9150000214576721
        }
    ],
    "test_best": [
        {
            "test_acc": 0.9139999747276306
        }
    ]
}