{
    "mean_optimizer_time_ms": 6.396046785853523,
    "test_final": [
        {
            "test_acc": 0.9581000208854675
        }
    ],
    "test_best": [
        {
            "test_acc": 0.9580000042915344
        }
    ]
}