{
    "mean_optimizer_time_ms": 7.1736010015316065,
    "test_final": [
        {
            "test_acc": 0.7657999992370605
        }
    ],
    "test_best": [
        {
            "test_acc": 0.7656999826431274
        }
    ]
}