{
    "mean_optimizer_time_ms": 7.216177390524923,
    "test_final": [
        {
            "test_acc": 0.7491999864578247
        }
    ],
    "test_best": [
        {
            "test_acc": 0.7486000061035156
        }
    ]
}