{
    "mean_optimizer_time_ms": 5.677803600215817,
    "test_final": [
        {
            "test_acc": 0.8543999791145325
        }
    ],
    "test_best": [
        {
            "test_acc": 0.8533999919891357
        }
    ]
}