{
    "mean_optimizer_time_ms": 5.912062347918408,
    "test_final": [
        {
            "test_acc": 0.9708999991416931
        }
    ],
    "test_best": [
        {
            "test_acc": 0.9687999486923218
        }
    ]
}