{
    "mean_optimizer_time_ms": 7.189053496553885,
    "test_final": [
        {
            "test_acc": 0.8503999710083008
        }
    ],
    "test_best": [
        {
            "test_acc": 0.8486999869346619
        }
    ]
}