{
    "mean_optimizer_time_ms": 7.508492654448623,
    "test_final": [
        {
            "test_acc": 0.9409000277519226
        }
    ],
    "test_best": [
        {
            "test_acc": 0.9394999742507935
        }
    ]
}