{
    "mean_optimizer_time_ms": 7.3745481919033695,
    "test_final": [
        {
            "test_acc": 0.9248999953269958
        }
    ],
    "test_best": [
        {
            "test_acc": 0.921999990940094
        }
    ]
}