{
    "mean_optimizer_time_ms": 7.709926050020884,
    "test_final": [
        {
            "test_acc": 0.8165000081062317
        }
    ],
    "test_best": [
        {
            "test_acc": 0.816100001335144
        }
    ]
}