{
    "mean_optimizer_time_ms": 7.728044622667782,
    "test_final": [
        {
            "test_acc": 0.8197000026702881
        }
    ],
    "test_best": [
        {
            "test_acc": 0.820099949836731
        }
    ]
}