{
    "mean_optimizer_time_ms": 7.998360371797548,
    "test_final": [
        {
            "test_acc": 0.9405999779701233
        }
    ],
    "test_best": [
        {
            "test_acc": 0.9398999810218811
        }
    ]
}