{
    "mean_optimizer_time_ms": 7.566524997006404,
    "test_final": [
        {
            "test_acc": 0.9570000171661377
        }
    ],
    "test_best": [
        {
            "test_acc": 0.9548999667167664
        }
    ]
}