{
    "mean_optimizer_time_ms": 7.705721297201338,
    "test_final": [
        {
            "test_acc": 0.9279000163078308
        }
    ],
    "test_best": [
        {
            "test_acc": 0.9205999970436096
        }
    ]
}