{
    "mean_optimizer_time_ms": 7.213395537524367,
    "test_final": [
        {
            "test_acc": 0.9372000098228455
        }
    ],
    "test_best": [
        {
            "test_acc": 0.9312999844551086
        }
    ]
}