{
    "mean_optimizer_time_ms": 7.081891056147312,
    "test_final": [
        {
            "test_acc": 0.9286999702453613
        }
    ],
    "test_best": [
        {
            "test_acc": 0.9264000058174133
        }
    ]
}