{
    "mean_optimizer_time_ms": 6.8692648160679495,
    "test_final": [
        {
            "test_acc": 0.9394999742507935
        }
    ],
    "test_best": [
        {
            "test_acc": 0.9408999681472778
        }
    ]
}