{
    "mean_optimizer_time_ms": 7.532935971630466,
    "test_final": [
        {
            "test_acc": 0.9370999932289124
        }
    ],
    "test_best": [
        {
            "test_acc": 0.9376999735832214
        }
    ]
}