{
    "mean_optimizer_time_ms": 7.370379071915901,
    "test_final": [
        {
            "test_acc": 0.9376999735832214
        }
    ],
    "test_best": [
        {
            "test_acc": 0.9376999735832214
        }
    ]
}