{
    "mean_optimizer_time_ms": 8.080136570245056,
    "test_final": [
        {
            "test_acc": 0.8436999917030334
        }
    ],
    "test_best": [
        {
            "test_acc": 0.8431999683380127
        }
    ]
}