{
    "mean_optimizer_time_ms": 5.9860654167362854,
    "test_final": [
        {
            "test_acc": 0.9749000072479248
        }
    ],
    "test_best": [
        {
            "test_acc": 0.975600004196167
        }
    ]
}