{
    "mean_optimizer_time_ms": 7.176854744395712,
    "test_final": [
        {
            "test_acc": 0.9444000124931335
        }
    ],
    "test_best": [
        {
            "test_acc": 0.9429000020027161
        }
    ]
}